Language,VariableDeclaration,Sort,Distinct,ToCharDate,ToCharDateTimezone,ToCharNumberThousandSeparator,ToCharNumberNegativeBrackets,ToCharNumberFixedDecimals,ToDate,ForEach,CollectionDefinition,AssociativeArrayDefinition,Equal,NotEqual,GreaterThan,LogicalAnd,LogicalOr,LogicalXor,ProcedureDefinition,FunctionDefinition,IfElse,SwitchCase,Loop,ForLoop,LineContinuation,TryCatch,Raise,Thread,SendMessage,ReceiveMessage,MutexDefinition,MutexLock,MutexUnlock,SemaphoreDefinition,SemaphoreWait,SemaphoreSignal,SingleLineComment,MultiLineComment,Print,Import,Constant,Addition,Subtraction,Multiplication,Division,Remainder,Floor,Rounding,Increment,Decrement,LeftShift,RightShift,BitAnd,BitOr,BitXor,BitNot,Float4VectorMultiplication,Float4VectorDotProduct,Float4VectorCrossProduct,SetFiltering,SetJoin
"SQL","DECLARE
  x NUMBER := 42;
BEGIN
  -- usage
END;","SELECT * FROM table ORDER BY column;","SELECT DISTINCT column FROM table;","TO_CHAR(date_col, 'DD.MM.YYYY')","TO_CHAR(datetime_col, 'YYYY-MM-DD HH24:MI:SS TZH:TZM')","TO_CHAR(num, '999,999,990')","TO_CHAR(num, '999G990D00PR')","TO_CHAR(num, '999990.00')","TO_DATE('31.12.2023', 'DD.MM.YYYY')","FOR r IN (SELECT * FROM table) LOOP
    -- access r.column
END LOOP;","TYPE NumList IS TABLE OF NUMBER;
t NumList := NumList(1, 2, 3);","TYPE Dict IS TABLE OF NUMBER INDEX BY VARCHAR2(10);
t Dict;
t('a') := 1;
t('b') := 2;","a = b","a <> b","a > b","N/A","N/A","N/A","CREATE OR REPLACE PROCEDURE log_message(msg IN VARCHAR2) AS
BEGIN
    DBMS_OUTPUT.PUT_LINE(msg);
END;","CREATE OR REPLACE FUNCTION add(a NUMBER, b NUMBER)
RETURN NUMBER AS
BEGIN
    RETURN a + b;
END;","IF x > 0 THEN
    RETURN 1;
ELSE
    RETURN 0;
END IF;","CASE x
    WHEN 1 THEN 'one'
    WHEN 2 THEN 'two'
    ELSE 'none'
END","WHILE x > 0 LOOP
    x := x - 1;
END LOOP;","FOR i IN 1..10 LOOP
    -- body
END LOOP;","N/A","BEGIN
    do_something;
EXCEPTION
    WHEN OTHERS THEN
        handle_error;
END;","RAISE_APPLICATION_ERROR(-20001, 'Error');","N/A","N/A","N/A","N/A","N/A","N/A","N/A","N/A","N/A","-- comment","/* line 1
   line 2 */","DBMS_OUTPUT.PUT_LINE('Hello, World!');","N/A","MAX_VAL CONSTANT NUMBER := 100;","a + b","a - b","a * b","a / b","MOD(a, b)","FLOOR(a)","ROUND(a, 0)","a + 1","a - 1","N/A","N/A","BITAND(a, b)","a + b - BITAND(a, b)","a + b - 2 * BITAND(a, b)","N/A","SELECT a1*b1, a2*b2, a3*b3, a4*b4","SELECT a1*b1 + a2*b2 + a3*b3 + a4*b4","SELECT a2*b3 - a3*b2, a3*b1 - a1*b3, a1*b2 - a2*b1, 0.0","SELECT * FROM table WHERE condition;","SELECT * FROM tableA JOIN tableB ON tableA.id = tableB.id;"
"XQuery","let $x := 42","for $x in $col order by $x return $x","distinct-values($col)","format-date($date, '[D,2].[M,2].[Y,4]')","format-dateTime($dt, '[Y]-[M,2]-[D,2] [H,2]:[m,2]:[s,2] [z]')","format-number($num, '#,##0')","format-number($num, '#,##0;(#,##0)')","format-number($num, '0.00')","xs:date(replace($str, '(\d{2})\.(\d{2})\.(\d{4})', '$3-$2-$1'))","for $item in $collection
return $item","let $s := (1, 2, 3)","let $m := map { ""a"": 1, ""b"": 2 }","$a = $b","$a != $b","$a > $b","N/A","N/A","N/A","declare function local:log-message(
    $msg as xs:string
) as empty-sequence() {
    (); (: side effects in XQuery are implementation-defined or via extensions :)
};","declare function local:add(
    $a as xs:integer,
    $b as xs:integer
) as xs:integer {
    $a + $b
};","if ($x > 0) then 1 else 0","switch ($x)
  case 1 return ""one""
  case 2 return ""two""
  default return ""none""","for $i in 1 to $x return $i","for $i in 1 to 10
return $i","N/A","try {
    do_something()
} catch * {
    handle($err)
}","fn:error(fn:QName('http://example.com/errors', 'MY_ERROR'), 'Error')","N/A","N/A","N/A","N/A","N/A","N/A","N/A","N/A","N/A","(: comment :)","(: line 1
   line 2 :)","""Hello, World!""","import module namespace utils = ""http://example.com/utils"";","declare variable $MAX as xs:integer := 100;","a + b","a - b","a * b","a div b","a mod b","floor(a)","round(a)","a + 1","a - 1","N/A","N/A","N/A","N/A","N/A","N/A","for $i in 1 to 4 return $a[$i] * $b[$i]","sum(for $i in 1 to 4 return $a[$i] * $b[$i])","($a[2]*$b[3] - $a[3]*$b[2], $a[3]*$b[1] - $a[1]*$b[3], $a[1]*$b[2] - $a[2]*$b[1], 0.0)","for $x in $collection
where $x/condition
return $x","for $a in $colA, $b in $colB
where $a/id = $b/id
return <res>{$a, $b}</res>"
"GraphQL","$x: Int = 42","query { users(orderBy: NAME_ASC) { name } }","N/A","N/A","N/A","N/A","N/A","N/A","N/A","N/A","$l: [Int] = [1, 2, 3]","N/A","N/A","N/A","N/A","N/A","N/A","N/A","N/A","query getUser($id: ID) {
    user(id: $id) {
        name
    }
}","@skip(if: $condition) or @include(if: $condition)","N/A","N/A","N/A","N/A","N/A","N/A","N/A","N/A","subscription { ... }","N/A","N/A","N/A","N/A","N/A","N/A","# comment",""""""" comment """"""","N/A","N/A","N/A","N/A","N/A","N/A","N/A","N/A","N/A","N/A","N/A","N/A","N/A","N/A","N/A","N/A","N/A","N/A","N/A","N/A","N/A","user(id: 42)","user { posts { title } }"
"SPARQL","BIND(42 AS ?x)","SELECT ?name WHERE { ?u :name ?name } ORDER BY ?name","SELECT DISTINCT ?name WHERE { ?u :name ?name }","N/A","N/A","N/A","N/A","N/A","N/A","N/A","VALUES ?x { 1 2 3 }","N/A","FILTER(?a = ?b)","FILTER(?a != ?b)","FILTER(?a > ?b)","N/A","N/A","N/A","N/A","N/A","BIND(IF(?x > 0, 1, 0) AS ?res)","COALESCE(IF(?x=1, 'one', 1/0), IF(?x=2, 'two', 1/0), 'none')","N/A","N/A","N/A","N/A","N/A","N/A","N/A","N/A","N/A","N/A","N/A","N/A","N/A","N/A","# comment","N/A","N/A","PREFIX dc: <http://purl.org/dc/elements/1.1/>","VALUES ?MAX { 100 }","?a + ?b","?a - ?b","?a * ?b","?a / ?b","N/A","floor(?a)","round(?a)","?a + 1","?a - 1","N/A","N/A","N/A","N/A","N/A","N/A","N/A","N/A","N/A","FILTER(?x > 0)","?s ?p ?o . ?s ?p2 ?o2"
"Overpass Turbo",".setname","N/A","N/A","N/A","N/A","N/A","N/A","N/A","N/A","foreach .item ( ... )",".a","N/A","[""name""=""Berlin""]","[""name""!=""Berlin""]","N/A","N/A","N/A","N/A","N/A","N/A","if (condition) { ... } else { ... }","N/A","foreach .a ( ... )","for ( ... )","N/A","N/A","N/A","N/A","N/A","N/A","N/A","N/A","N/A","N/A","N/A","N/A","// comment","/* comment */","out;","[out:json];","{{key=value}}","N/A","N/A","N/A","N/A","N/A","N/A","N/A","N/A","N/A","N/A","N/A","N/A","N/A","N/A","N/A","N/A","N/A","N/A","node[""name""=""Berlin""];","(node(area); way(area););"
